id,url,FsF_A1_01M_1_earned,FsF_A1_01M_earned,FsF_A1_02MD_1_earned,FsF_A1_02MD_2_earned,FsF_A1_02MD_earned,FsF_A1_1_01MD_1_earned,FsF_A1_1_01MD_2_earned,FsF_A1_1_01MD_earned,FsF_A1_2_01MD_1_earned,FsF_A1_2_01MD_2_earned,FsF_A1_2_01MD_earned,FsF_F1_01MD_1_earned,FsF_F1_01MD_2_earned,FsF_F1_01MD_earned,FsF_F1_02MD_1_earned,FsF_F1_02MD_2_earned,FsF_F1_02MD_4_earned,FsF_F1_02MD_5_earned,FsF_F1_02MD_earned,FsF_F2_01M_2_earned,FsF_F2_01M_3_earned,FsF_F2_01M_earned,FsF_F3_01M_2_earned,FsF_F3_01M_earned,FsF_F4_01M_1_earned,FsF_F4_01M_earned,FsF_I1_01M_1_earned,FsF_I1_01M_2_earned,FsF_I1_01M_earned,FsF_I2_01M_2_earned,FsF_I2_01M_earned,FsF_I3_01M_1_earned,FsF_I3_01M_2_earned,FsF_I3_01M_earned,FsF_R1_01M_1_earned,FsF_R1_01M_2_earned,FsF_R1_01M_3_earned,FsF_R1_01M_earned,FsF_R1_1_01M_1_earned,FsF_R1_1_01M_earned,FsF_R1_2_01M_1_earned,FsF_R1_2_01M_2_earned,FsF_R1_2_01M_earned,FsF_R1_3_01M_1_earned,FsF_R1_3_01M_3_earned,FsF_R1_3_01M_earned,FsF_R1_3_02D_1_earned,FsF_R1_3_02D_earned,score_earned_A,score_earned_A1,score_earned_A1_1,score_earned_A1_2,score_earned_F,score_earned_F1,score_earned_F2,score_earned_F3,score_earned_F4,score_earned_FAIR,score_earned_I,score_earned_I1,score_earned_I2,score_earned_I3,score_earned_R,score_earned_R1,score_earned_R1_1,score_earned_R1_2,score_earned_R1_3
aliada-scanbit-net,https://lod-cloud.net/dataset/aliada-scanbit-net,0,0,1,0,1,1,0,1,1,0,1,1,0,1,0,0,0,0,0,0,0,0,0,0,0,0,0,2,2,2,2,0,0,0,1,0,0,1,0,0,0,0,0,0,1,1,0,0,3,1,1,1,1,1,0,0,0,10.0,4,2,2,0,2,1,0,0,1
amsterdam-museum-as-edm-lod,https://lod-cloud.net/dataset/amsterdam-museum-as-edm-lod,0,0,1,0,1,1,0,1,1,0,1,1,0,1,0,0,0,0,0,0,0,0,0,0,0,0,0,2,2,2,2,0,0,0,1,0,0,1,0,0,0,0,0,0,1,1,0,0,3,1,1,1,1,1,0,0,0,10.0,4,2,2,0,2,1,0,0,1
ASCDC-_NTM-Formosan-Aborigines,https://lod-cloud.net/dataset/ASCDC-_NTM-Formosan-Aborigines,0,0,1,0,1,1,0,1,1,0,1,1,0,1,0,0,0,0,0,0,0,0,0,0,0,0,0,2,2,2,2,0,0,0,1,0,0,1,0,0,0,0,0,0,1,1,0,0,3,1,1,1,1,1,0,0,0,10.0,4,2,2,0,2,1,0,0,1
ASCDC-AS-NTUE-School-Art-Textbooks,https://lod-cloud.net/dataset/ASCDC-AS-NTUE-School-Art-Textbooks,0,0,1,0,1,1,0,1,1,0,1,1,0,1,0,0,0,0,0,0,0,0,0,0,0,0,0,2,2,2,2,0,0,0,1,0,0,1,0,0,0,0,0,0,1,1,0,0,3,1,1,1,1,1,0,0,0,10.0,4,2,2,0,2,1,0,0,1
ASCDC-AS-TFD-Fish-Species,https://lod-cloud.net/dataset/ASCDC-AS-TFD-Fish-Species,0,0,1,0,1,1,0,1,1,0,1,1,0,1,0,0,0,0,0,0,0,0,0,0,0,0,0,2,2,2,2,0,0,0,1,0,0,1,0,0,0,0,0,0,1,1,0,0,3,1,1,1,1,1,0,0,0,10.0,4,2,2,0,2,1,0,0,1
ASCDC-CRB,https://lod-cloud.net/dataset/ASCDC-CRB,0,0,1,0,1,1,0,1,1,0,1,1,0,1,0,0,0,0,0,0,0,0,0,0,0,0,0,2,2,2,2,0,0,0,1,0,0,1,0,0,0,0,0,0,1,1,0,0,3,1,1,1,1,1,0,0,0,10.0,4,2,2,0,2,1,0,0,1
ASCDC-CTS-TV-Programs,https://lod-cloud.net/dataset/ASCDC-CTS-TV-Programs,0,0,1,0,1,1,0,1,1,0,1,1,0,1,0,0,0,0,0,0,0,0,0,0,0,0,0,2,2,2,2,0,0,0,1,0,0,1,0,0,0,0,0,0,1,1,0,0,3,1,1,1,1,1,0,0,0,10.0,4,2,2,0,2,1,0,0,1
ASCDC-DQOT,https://lod-cloud.net/dataset/ASCDC-DQOT,0,0,1,0,1,1,0,1,1,0,1,1,0,1,0,0,0,0,0,0,0,0,0,0,0,0,0,2,2,2,2,0,0,0,1,0,0,1,0,0,0,0,0,0,1,1,0,0,3,1,1,1,1,1,0,0,0,10.0,4,2,2,0,2,1,0,0,1
ASCDC-IHP-WCD,https://lod-cloud.net/dataset/ASCDC-IHP-WCD,0,0,1,0,1,1,0,1,1,0,1,1,0,1,0,0,0,0,0,0,0,0,0,0,0,0,0,2,2,2,2,0,0,0,1,0,0,1,0,0,0,0,0,0,1,1,0,0,3,1,1,1,1,1,0,0,0,10.0,4,2,2,0,2,1,0,0,1
ASCDC-Linked-Taiwan-Artists,https://lod-cloud.net/dataset/ASCDC-Linked-Taiwan-Artists,0,0,1,0,1,1,0,1,1,0,1,1,0,1,0,0,0,0,0,0,0,0,0,0,0,0,0,2,2,2,2,0,0,0,1,0,0,1,0,0,0,0,0,0,1,1,0,0,3,1,1,1,1,1,0,0,0,10.0,4,2,2,0,2,1,0,0,1
ASCDC-NMMBA-Aquatic-Animals-in-Taiwan,https://lod-cloud.net/dataset/ASCDC-NMMBA-Aquatic-Animals-in-Taiwan,0,0,1,0,1,1,0,1,1,0,1,1,0,1,0,0,0,0,0,0,0,0,0,0,0,0,0,2,2,2,2,0,0,0,1,0,0,1,0,0,0,0,0,0,1,1,0,0,3,1,1,1,1,1,0,0,0,10.0,4,2,2,0,2,1,0,0,1
ASCDC-NMMBA-Fish-Otoliths,https://lod-cloud.net/dataset/ASCDC-NMMBA-Fish-Otoliths,0,0,1,0,1,1,0,1,1,0,1,1,0,1,0,0,0,0,0,0,0,0,0,0,0,0,0,2,2,2,2,0,0,0,1,0,0,1,0,0,0,0,0,0,1,1,0,0,3,1,1,1,1,1,0,0,0,10.0,4,2,2,0,2,1,0,0,1
ASCDC-Qing-Secret-Societies,https://lod-cloud.net/dataset/ASCDC-Qing-Secret-Societies,0,0,1,0,1,1,0,1,1,0,1,1,0,1,0,0,0,0,0,0,0,0,0,0,0,0,0,2,2,2,2,0,0,0,1,0,0,1,0,0,0,0,0,0,1,1,0,0,3,1,1,1,1,1,0,0,0,10.0,4,2,2,0,2,1,0,0,1
ASCDC-Tibetan-Audio-Archive,https://lod-cloud.net/dataset/ASCDC-Tibetan-Audio-Archive,0,0,1,0,1,1,0,1,1,0,1,1,0,1,0,0,0,0,0,0,0,0,0,0,0,0,0,2,2,2,2,0,0,0,1,0,0,1,0,0,0,0,0,0,1,1,0,0,3,1,1,1,1,1,0,0,0,10.0,4,2,2,0,2,1,0,0,1
ASCDC_-_CCP_Archive,https://lod-cloud.net/dataset/ASCDC_-_CCP_Archive,0,0,1,0,1,1,0,1,1,0,1,1,0,1,0,0,0,0,0,0,0,0,0,0,0,0,0,2,2,2,2,0,0,0,1,0,0,1,0,0,0,0,0,0,1,1,0,0,3,1,1,1,1,1,0,0,0,10.0,4,2,2,0,2,1,0,0,1
ASCDC_-_DNB,https://lod-cloud.net/dataset/ASCDC_-_DNB,0,0,1,0,1,1,0,1,1,0,1,1,0,1,0,0,0,0,0,0,0,0,0,0,0,0,0,2,2,2,2,0,0,0,1,0,0,1,0,0,0,0,0,0,1,1,0,0,3,1,1,1,1,1,0,0,0,10.0,4,2,2,0,2,1,0,0,1
b3kat,https://lod-cloud.net/dataset/b3kat,0,0,1,0,1,1,0,1,1,0,1,1,0,1,0,0,0,0,0,0,0,0,0,0,0,0,0,2,2,2,2,0,0,0,1,0,0,1,0,0,0,0,0,0,1,1,0,0,3,1,1,1,1,1,0,0,0,10.0,4,2,2,0,2,1,0,0,1
bbc-music,https://lod-cloud.net/dataset/bbc-music,0,0,1,0,1,1,0,1,1,0,1,1,0,1,0,0,0,0,0,0,0,0,0,0,0,0,0,2,2,2,2,0,0,0,1,0,0,1,0,0,0,0,0,0,1,1,0,0,3,1,1,1,1,1,0,0,0,10.0,4,2,2,0,2,1,0,0,1
bbc-wildlife-finder,https://lod-cloud.net/dataset/bbc-wildlife-finder,0,0,1,0,1,1,0,1,1,0,1,1,0,1,0,0,0,0,0,0,0,0,0,0,0,0,0,2,2,2,2,0,0,0,1,0,0,1,0,0,0,0,0,0,1,1,0,0,3,1,1,1,1,1,0,0,0,10.0,4,2,2,0,2,1,0,0,1
biblioteca-nacional-escolar-bnescolar,https://lod-cloud.net/dataset/biblioteca-nacional-escolar-bnescolar,0,0,1,0,1,1,0,1,1,0,1,1,0,1,0,0,0,0,0,0,0,0,0,0,0,0,0,2,2,2,2,0,0,0,1,0,0,1,0,0,0,0,0,0,1,1,0,0,3,1,1,1,1,1,0,0,0,10.0,4,2,2,0,2,1,0,0,1
bll-thesaurus,https://lod-cloud.net/dataset/bll-thesaurus,0,0,1,0,1,1,0,1,1,0,1,1,0,1,0,0,0,0,0,0,0,0,0,0,0,0,0,2,2,2,2,0,0,0,1,0,0,1,0,0,0,0,0,0,1,1,0,0,3,1,1,1,1,1,0,0,0,10.0,4,2,2,0,2,1,0,0,1
bluk-bnb,https://lod-cloud.net/dataset/bluk-bnb,0,0,1,0,1,1,0,1,1,0,1,1,0,1,0,0,0,0,0,0,0,0,0,0,0,0,0,2,2,2,2,0,0,0,1,0,0,1,0,0,0,0,0,0,1,1,0,0,3,1,1,1,1,1,0,0,0,10.0,4,2,2,0,2,1,0,0,1
bncf-ns,https://lod-cloud.net/dataset/bncf-ns,0,0,1,0,1,1,0,1,1,0,1,1,0,1,0,0,0,0,0,0,0,0,0,0,0,0,0,2,2,2,2,0,0,0,1,0,0,1,0,0,0,0,0,0,1,1,0,0,3,1,1,1,1,1,0,0,0,10.0,4,2,2,0,2,1,0,0,1
british-museum-collection,https://lod-cloud.net/dataset/british-museum-collection,0,0,1,0,1,1,0,1,1,0,1,1,0,1,0,0,0,0,0,0,0,0,0,0,0,0,0,2,2,2,2,0,0,0,1,0,0,1,0,0,0,0,0,0,1,1,0,0,3,1,1,1,1,1,0,0,0,10.0,4,2,2,0,2,1,0,0,1
BVMC,https://lod-cloud.net/dataset/BVMC,0,0,1,0,1,1,0,1,1,0,1,1,0,1,0,0,0,0,0,0,0,0,0,0,0,0,0,2,2,2,2,0,0,0,1,0,0,1,0,0,0,0,0,0,1,1,0,0,3,1,1,1,1,1,0,0,0,10.0,4,2,2,0,2,1,0,0,1
calames,https://lod-cloud.net/dataset/calames,0,0,1,0,1,1,0,1,1,0,1,1,0,1,0,0,0,0,0,0,0,0,0,0,0,0,0,2,2,2,2,0,0,0,1,0,0,1,0,0,0,0,0,0,1,1,0,0,3,1,1,1,1,1,0,0,0,10.0,4,2,2,0,2,1,0,0,1
ceo,https://lod-cloud.net/dataset/ceo,0,0,1,0,1,1,0,1,1,0,1,1,0,1,0,0,0,0,0,0,0,0,0,0,0,0,0,2,2,2,2,0,0,0,1,0,0,1,0,0,0,0,0,0,1,1,0,0,3,1,1,1,1,1,0,0,0,10.0,4,2,2,0,2,1,0,0,1
Chinese_Red_Classic_Song_Linked_Data_Dataset,https://lod-cloud.net/dataset/Chinese_Red_Classic_Song_Linked_Data_Dataset,0,0,1,0,1,1,0,1,1,0,1,1,0,1,0,0,0,0,0,0,0,0,0,0,0,0,0,2,2,2,2,0,0,0,1,0,0,1,0,0,0,0,0,0,1,1,0,0,3,1,1,1,1,1,0,0,0,10.0,4,2,2,0,2,1,0,0,1
chronicling-america,https://lod-cloud.net/dataset/chronicling-america,0,0,1,0,1,1,0,1,1,0,1,1,0,1,0,0,0,0,0,0,0,0,0,0,0,0,0,2,2,2,2,0,0,0,1,0,0,1,0,0,0,0,0,0,1,1,0,0,3,1,1,1,1,1,0,0,0,10.0,4,2,2,0,2,1,0,0,1
cht,https://lod-cloud.net/dataset/cht,0,0,1,0,1,1,0,1,1,0,1,1,0,1,0,0,0,0,0,0,0,0,0,0,0,0,0,2,2,2,2,0,0,0,1,0,0,1,0,0,0,0,0,0,1,1,0,0,3,1,1,1,1,1,0,0,0,10.0,4,2,2,0,2,1,0,0,1
cinematheque-quebecoise-linked-open-data,https://lod-cloud.net/dataset/cinematheque-quebecoise-linked-open-data,0,0,1,0,1,1,0,1,1,0,1,1,0,1,0,0,0,0,0,0,0,0,0,0,0,0,0,2,2,2,2,0,0,0,1,0,0,1,0,0,0,0,0,0,1,1,0,0,3,1,1,1,1,1,0,0,0,10.0,4,2,2,0,2,1,0,0,1
classical_temples,https://lod-cloud.net/dataset/classical_temples,0,0,1,0,1,1,0,1,1,0,1,1,0,1,0,0,0,0,0,0,0,0,0,0,0,0,0,2,2,2,2,0,0,0,1,0,0,1,0,0,0,0,0,0,1,1,0,0,3,1,1,1,1,1,0,0,0,10.0,4,2,2,0,2,1,0,0,1
Copyright_Free_Music,https://lod-cloud.net/dataset/Copyright_Free_Music,0,0,1,0,1,1,0,1,1,0,1,1,0,1,0,0,0,0,0,0,0,0,0,0,0,0,0,2,2,2,2,0,0,0,1,0,0,1,0,0,0,0,0,0,1,1,0,0,3,1,1,1,1,1,0,0,0,10.0,4,2,2,0,2,1,0,0,1
culturalinkeddata,https://lod-cloud.net/dataset/culturalinkeddata,0,0,1,0,1,1,0,1,1,0,1,1,0,1,0,0,0,0,0,0,0,0,0,0,0,0,0,2,2,2,2,0,0,0,1,0,0,1,0,0,0,0,0,0,1,1,0,0,3,1,1,1,1,1,0,0,0,10.0,4,2,2,0,2,1,0,0,1
data-bnf-fr,https://lod-cloud.net/dataset/data-bnf-fr,0,0,1,0,1,1,0,1,1,0,1,1,0,1,0,0,0,0,0,0,0,0,0,0,0,0,0,2,2,2,2,0,0,0,1,0,0,1,0,0,0,0,0,0,1,1,0,0,3,1,1,1,1,1,0,0,0,10.0,4,2,2,0,2,1,0,0,1
data-hnm-hu,https://lod-cloud.net/dataset/data-hnm-hu,0,0,1,0,1,1,0,1,1,0,1,1,0,1,0,0,0,0,0,0,0,0,0,0,0,0,0,2,2,2,2,0,0,0,1,0,0,1,0,0,0,0,0,0,1,1,0,0,3,1,1,1,1,1,0,0,0,10.0,4,2,2,0,2,1,0,0,1
data-incubator-climb,https://lod-cloud.net/dataset/data-incubator-climb,0,0,1,0,1,1,0,1,1,0,1,1,0,1,0,0,0,0,0,0,0,0,0,0,0,0,0,2,2,2,2,0,0,0,1,0,0,1,0,0,0,0,0,0,1,1,0,0,3,1,1,1,1,1,0,0,0,10.0,4,2,2,0,2,1,0,0,1
data-incubator-discogs,https://lod-cloud.net/dataset/data-incubator-discogs,0,0,1,0,1,1,0,1,1,0,1,1,0,1,0,0,0,0,0,0,0,0,0,0,0,0,0,2,2,2,2,0,0,0,1,0,0,1,0,0,0,0,0,0,1,1,0,0,3,1,1,1,1,1,0,0,0,10.0,4,2,2,0,2,1,0,0,1
data-incubator-moseley,https://lod-cloud.net/dataset/data-incubator-moseley,0,0,1,0,1,1,0,1,1,0,1,1,0,1,0,0,0,0,0,0,0,0,0,0,0,0,0,2,2,2,2,0,0,0,1,0,0,1,0,0,0,0,0,0,1,1,0,0,3,1,1,1,1,1,0,0,0,10.0,4,2,2,0,2,1,0,0,1
data-incubator-musicbrainz,https://lod-cloud.net/dataset/data-incubator-musicbrainz,0,0,1,0,1,1,0,1,1,0,1,1,0,1,0,0,0,0,0,0,0,0,0,0,0,0,0,2,2,2,2,0,0,0,1,0,0,1,0,0,0,0,0,0,1,1,0,0,3,1,1,1,1,1,0,0,0,10.0,4,2,2,0,2,1,0,0,1
data-szepmuveszeti-hu,https://lod-cloud.net/dataset/data-szepmuveszeti-hu,0,0,1,0,1,1,0,1,1,0,1,1,0,1,0,0,0,0,0,0,0,0,0,0,0,0,0,2,2,2,2,0,0,0,1,0,0,1,0,0,0,0,0,0,1,1,0,0,3,1,1,1,1,1,0,0,0,10.0,4,2,2,0,2,1,0,0,1
datos-artium-org,https://lod-cloud.net/dataset/datos-artium-org,0,0,1,0,1,1,0,1,1,0,1,1,0,1,0,0,0,0,0,0,0,0,0,0,0,0,0,2,2,2,2,0,0,0,1,0,0,1,0,0,0,0,0,0,1,1,0,0,3,1,1,1,1,1,0,0,0,10.0,4,2,2,0,2,1,0,0,1
datos-bne-es,https://lod-cloud.net/dataset/datos-bne-es,0,0,1,0,1,1,0,1,1,0,1,1,0,1,0,0,0,0,0,0,0,0,0,0,0,0,0,2,2,2,2,0,0,0,1,0,0,1,0,0,0,0,0,0,1,1,0,0,3,1,1,1,1,1,0,0,0,10.0,4,2,2,0,2,1,0,0,1
dbtropes,https://lod-cloud.net/dataset/dbtropes,0,0,1,0,1,1,0,1,1,0,1,1,0,1,0,0,0,0,0,0,0,0,0,0,0,0,0,2,2,2,2,0,0,0,1,0,0,1,0,0,0,0,0,0,1,1,0,0,3,1,1,1,1,1,0,0,0,10.0,4,2,2,0,2,1,0,0,1
dbtune-artists-last-fm,https://lod-cloud.net/dataset/dbtune-artists-last-fm,0,0,1,0,1,1,0,1,1,0,1,1,0,1,0,0,0,0,0,0,0,0,0,0,0,0,0,2,2,2,2,0,0,0,1,0,0,1,0,0,0,0,0,0,1,1,0,0,3,1,1,1,1,1,0,0,0,10.0,4,2,2,0,2,1,0,0,1
dbtune-audioscrobbler,https://lod-cloud.net/dataset/dbtune-audioscrobbler,0,0,1,0,1,1,0,1,1,0,1,1,0,1,0,0,0,0,0,0,0,0,0,0,0,0,0,2,2,2,2,0,0,0,1,0,0,1,0,0,0,0,0,0,1,1,0,0,3,1,1,1,1,1,0,0,0,10.0,4,2,2,0,2,1,0,0,1
dbtune-classical,https://lod-cloud.net/dataset/dbtune-classical,0,0,1,0,1,1,0,1,1,0,1,1,0,1,0,0,0,0,0,0,0,0,0,0,0,0,0,2,2,2,2,0,0,0,1,0,0,1,0,0,0,0,0,0,1,1,0,0,3,1,1,1,1,1,0,0,0,10.0,4,2,2,0,2,1,0,0,1
dbtune-john-peel-sessions,https://lod-cloud.net/dataset/dbtune-john-peel-sessions,0,0,1,0,1,1,0,1,1,0,1,1,0,1,0,0,0,0,0,0,0,0,0,0,0,0,0,2,2,2,2,0,0,0,1,0,0,1,0,0,0,0,0,0,1,1,0,0,3,1,1,1,1,1,0,0,0,10.0,4,2,2,0,2,1,0,0,1
dbtune-magnatune,https://lod-cloud.net/dataset/dbtune-magnatune,0,0,1,0,1,1,0,1,1,0,1,1,0,1,0,0,0,0,0,0,0,0,0,0,0,0,0,2,2,2,2,0,0,0,1,0,0,1,0,0,0,0,0,0,1,1,0,0,3,1,1,1,1,1,0,0,0,10.0,4,2,2,0,2,1,0,0,1
dbtune-musicbrainz,https://lod-cloud.net/dataset/dbtune-musicbrainz,0,0,1,0,1,1,0,1,1,0,1,1,0,1,0,0,0,0,0,0,0,0,0,0,0,0,0,2,2,2,2,0,0,0,1,0,0,1,0,0,0,0,0,0,1,1,0,0,3,1,1,1,1,1,0,0,0,10.0,4,2,2,0,2,1,0,0,1
dbtune-myspace,https://lod-cloud.net/dataset/dbtune-myspace,0,0,1,0,1,1,0,1,1,0,1,1,0,1,0,0,0,0,0,0,0,0,0,0,0,0,0,2,2,2,2,0,0,0,1,0,0,1,0,0,0,0,0,0,1,1,0,0,3,1,1,1,1,1,0,0,0,10.0,4,2,2,0,2,1,0,0,1
deutsche-biographie,https://lod-cloud.net/dataset/deutsche-biographie,0,0,1,0,1,1,0,1,1,0,1,1,0,1,0,0,0,0,0,0,0,0,0,0,0,0,0,2,2,2,2,0,0,0,1,0,0,1,0,0,0,0,0,0,1,1,0,0,3,1,1,1,1,1,0,0,0,10.0,4,2,2,0,2,1,0,0,1
deutsche-nationalbibliografie-dnb,https://lod-cloud.net/dataset/deutsche-nationalbibliografie-dnb,0,0,1,0,1,1,0,1,1,0,1,1,0,1,0,0,0,0,0,0,0,0,0,0,0,0,0,2,2,2,2,0,0,0,1,0,0,1,0,0,0,0,0,0,1,1,0,0,3,1,1,1,1,1,0,0,0,10.0,4,2,2,0,2,1,0,0,1
dm2e,https://lod-cloud.net/dataset/dm2e,0,0,1,0,1,1,0,1,1,0,1,1,0,1,0,0,0,0,0,0,0,0,0,0,0,0,0,2,2,2,2,0,0,0,1,0,0,1,0,0,0,0,0,0,1,1,0,0,3,1,1,1,1,1,0,0,0,10.0,4,2,2,0,2,1,0,0,1
dnb-gemeinsame-normdatei,https://lod-cloud.net/dataset/dnb-gemeinsame-normdatei,0,0,1,0,1,1,0,1,1,0,1,1,0,1,0,0,0,0,0,0,0,0,0,0,0,0,0,2,2,2,2,0,0,0,1,0,0,1,0,0,0,0,0,0,1,1,0,0,3,1,1,1,1,1,0,0,0,10.0,4,2,2,0,2,1,0,0,1
dutch-ships-and-sailors,https://lod-cloud.net/dataset/dutch-ships-and-sailors,0,0,1,0,1,1,0,1,1,0,1,1,0,1,0,0,0,0,0,0,0,0,0,0,0,0,0,2,2,2,2,0,0,0,1,0,0,1,0,0,0,0,0,0,1,1,0,0,3,1,1,1,1,1,0,0,0,10.0,4,2,2,0,2,1,0,0,1
ecco-tcp-linked-data,https://lod-cloud.net/dataset/ecco-tcp-linked-data,0,0,1,0,1,1,0,1,1,0,1,1,0,1,0,0,0,0,0,0,0,0,0,0,0,0,0,2,2,2,2,0,0,0,1,0,0,1,0,0,0,0,0,0,1,1,0,0,3,1,1,1,1,1,0,0,0,10.0,4,2,2,0,2,1,0,0,1
eclap,https://lod-cloud.net/dataset/eclap,0,0,1,0,1,1,0,1,1,0,1,1,0,1,0,0,0,0,0,0,0,0,0,0,0,0,0,2,2,2,2,0,0,0,1,0,0,1,0,0,0,0,0,0,1,1,0,0,3,1,1,1,1,1,0,0,0,10.0,4,2,2,0,2,1,0,0,1
english-heritage-periods-list,https://lod-cloud.net/dataset/english-heritage-periods-list,0,0,1,0,1,1,0,1,1,0,1,1,0,1,0,0,0,0,0,0,0,0,0,0,0,0,0,2,2,2,2,0,0,0,1,0,0,1,0,0,0,0,0,0,1,1,0,0,3,1,1,1,1,1,0,0,0,10.0,4,2,2,0,2,1,0,0,1
enslaved.org,https://lod-cloud.net/dataset/enslaved.org,0,0,1,0,1,1,0,1,1,0,1,1,0,1,0,0,0,0,0,0,0,0,0,0,0,0,0,2,2,2,2,0,0,0,1,0,0,1,0,0,0,0,0,0,1,1,0,0,3,1,1,1,1,1,0,0,0,10.0,4,2,2,0,2,1,0,0,1
europeana-lod-v1,https://lod-cloud.net/dataset/europeana-lod-v1,0,0,1,0,1,1,0,1,1,0,1,1,0,1,0,0,0,0,0,0,0,0,0,0,0,0,0,2,2,2,2,0,0,0,1,0,0,1,0,0,0,0,0,0,1,1,0,0,3,1,1,1,1,1,0,0,0,10.0,4,2,2,0,2,1,0,0,1
europeana-sparql,https://lod-cloud.net/dataset/europeana-sparql,0,0,1,0,1,1,0,1,1,0,1,1,0,1,0,0,0,0,0,0,0,0,0,0,0,0,0,2,2,2,2,0,0,0,1,0,0,1,0,0,0,0,0,1,1,1,0,0,3,1,1,1,1,1,0,0,0,10.0,4,2,2,0,2,1,0,0,1
event-media,https://lod-cloud.net/dataset/event-media,0,0,1,0,1,1,0,1,1,0,1,1,0,1,0,0,0,0,0,0,0,0,0,0,0,0,0,2,2,2,2,0,0,0,1,0,0,1,0,0,0,0,0,0,1,1,0,0,3,1,1,1,1,1,0,0,0,10.0,4,2,2,0,2,1,0,0,1
eventkg,https://lod-cloud.net/dataset/eventkg,0,0,1,0,1,1,0,1,1,0,1,1,0,1,0,0,0,0,0,0,0,0,0,0,0,0,0,2,2,2,2,0,0,0,1,0,0,1,0,0,0,0,0,0,1,1,0,0,3,1,1,1,1,1,0,0,0,10.0,4,2,2,0,2,1,0,0,1
freeyork-org,https://lod-cloud.net/dataset/freeyork-org,0,0,1,0,1,1,0,1,1,0,1,1,0,1,0,0,0,0,0,0,0,0,0,0,0,0,0,2,2,2,2,0,0,0,1,0,0,1,0,0,0,0,0,0,1,1,0,0,3,1,1,1,1,1,0,0,0,10.0,4,2,2,0,2,1,0,0,1
geographic-names-information-system-gnis,https://lod-cloud.net/dataset/geographic-names-information-system-gnis,0,0,1,0,1,1,0,1,1,0,1,1,0,1,0,0,0,0,0,0,0,0,0,0,0,0,0,2,2,2,2,0,0,0,1,0,0,1,0,0,0,0,0,0,1,1,0,0,3,1,1,1,1,1,0,0,0,10.0,4,2,2,0,2,1,0,0,1
getty-aat,https://lod-cloud.net/dataset/getty-aat,0,0,1,0,1,1,0,1,1,0,1,1,0,1,0,0,0,0,0,0,0,0,0,0,0,0,0,2,2,2,2,0,0,0,1,0,0,1,0,0,0,0,0,0,1,1,0,0,3,1,1,1,1,1,0,0,0,10.0,4,2,2,0,2,1,0,0,1
getty-tgn,https://lod-cloud.net/dataset/getty-tgn,0,0,1,0,1,1,0,1,1,0,1,1,0,1,0,0,0,0,0,0,0,0,0,0,0,0,0,2,2,2,2,0,0,0,1,0,0,1,0,0,0,0,0,0,1,1,0,0,3,1,1,1,1,1,0,0,0,10.0,4,2,2,0,2,1,0,0,1
glastonbury-2011,https://lod-cloud.net/dataset/glastonbury-2011,0,0,1,0,1,1,0,1,1,0,1,1,0,1,0,0,0,0,0,0,0,0,0,0,0,0,0,2,2,2,2,0,0,0,1,0,0,1,0,0,0,0,0,0,1,1,0,0,3,1,1,1,1,1,0,0,0,10.0,4,2,2,0,2,1,0,0,1
googleart-wrapper,https://lod-cloud.net/dataset/googleart-wrapper,0,0,1,0,1,1,0,1,1,0,1,1,0,1,0,0,0,0,0,0,0,0,0,0,0,0,0,2,2,2,2,0,0,0,1,0,0,1,0,0,0,0,0,0,1,1,0,0,3,1,1,1,1,1,0,0,0,10.0,4,2,2,0,2,1,0,0,1
greekchildrensartmuseum,https://lod-cloud.net/dataset/greekchildrensartmuseum,0,0,1,0,1,1,0,1,1,0,1,1,0,1,0,0,0,0,0,0,0,0,0,0,0,0,0,2,2,2,2,0,0,0,1,0,0,1,0,0,0,0,0,0,1,1,0,0,3,1,1,1,1,1,0,0,0,10.0,4,2,2,0,2,1,0,0,1
gutenberg,https://lod-cloud.net/dataset/gutenberg,0,0,1,0,1,1,0,1,1,0,1,1,0,1,0,0,0,0,0,0,0,0,0,0,0,0,0,2,2,2,2,0,0,0,1,0,0,1,0,0,0,0,0,0,1,1,0,0,3,1,1,1,1,1,0,0,0,10.0,4,2,2,0,2,1,0,0,1
hebis-bibliographic-resources,https://lod-cloud.net/dataset/hebis-bibliographic-resources,0,0,1,0,1,1,0,1,1,0,1,1,0,1,0,0,0,0,0,0,0,0,0,0,0,0,0,2,2,2,2,0,0,0,1,0,0,1,0,0,0,0,0,0,1,1,0,0,3,1,1,1,1,1,0,0,0,10.0,4,2,2,0,2,1,0,0,1
hedatuz,https://lod-cloud.net/dataset/hedatuz,0,0,1,0,1,1,0,1,1,0,1,1,0,1,0,0,0,0,0,0,0,0,0,0,0,0,0,2,2,2,2,0,0,0,1,0,0,1,0,0,0,0,0,0,1,1,0,0,3,1,1,1,1,1,0,0,0,10.0,4,2,2,0,2,1,0,0,1
http:cultural-opposition.eu,https://lod-cloud.net/dataset/http:cultural-opposition.eu,0,0,1,0,1,1,0,1,1,0,1,1,0,1,0,0,0,0,0,0,0,0,0,0,0,0,0,2,2,2,2,0,0,0,1,0,0,1,0,0,0,0,0,0,1,1,0,0,3,1,1,1,1,1,0,0,0,10.0,4,2,2,0,2,1,0,0,1
https:www.childrensartmuseum.grLD-project,https://lod-cloud.net/dataset/https:www.childrensartmuseum.grLD-project,0,0,1,0,1,1,0,1,1,0,1,1,0,1,0,0,0,0,0,0,0,0,0,0,0,0,0,2,2,2,2,0,0,0,1,0,0,1,0,0,0,0,0,0,1,1,0,0,3,1,1,1,1,1,0,0,0,10.0,4,2,2,0,2,1,0,0,1
hungarian-national-library-catalog,https://lod-cloud.net/dataset/hungarian-national-library-catalog,0,0,1,0,1,1,0,1,1,0,1,1,0,1,0,0,0,0,0,0,0,0,0,0,0,0,0,2,2,2,2,0,0,0,1,0,0,1,0,0,0,0,0,0,1,1,0,0,3,1,1,1,1,1,0,0,0,10.0,4,2,2,0,2,1,0,0,1
iislod-test,https://lod-cloud.net/dataset/iislod-test,0,0,1,0,1,1,0,1,1,0,1,1,0,1,0,0,0,0,0,0,0,0,0,0,0,0,0,2,2,2,2,0,0,0,1,0,0,1,0,0,0,0,0,0,1,1,0,0,3,1,1,1,1,1,0,0,0,10.0,4,2,2,0,2,1,0,0,1
Inztrow,https://lod-cloud.net/dataset/Inztrow,0,0,1,0,1,1,0,1,1,0,1,1,0,1,0,0,0,0,0,0,0,0,0,0,0,0,0,2,2,2,2,0,0,0,1,0,0,1,0,0,0,0,0,0,1,1,0,0,3,1,1,1,1,1,0,0,0,10.0,4,2,2,0,2,1,0,0,1
ISSN:0080-3626,https://lod-cloud.net/dataset/ISSN:0080-3626,0,0,1,0,1,1,0,1,1,0,1,1,0,1,0,0,0,0,0,0,0,0,0,0,0,0,0,2,2,2,2,0,0,0,1,0,0,1,0,0,0,0,0,0,1,1,0,0,3,1,1,1,1,1,0,0,0,10.0,4,2,2,0,2,1,0,0,1
jamendo-dbtune,https://lod-cloud.net/dataset/jamendo-dbtune,0,0,1,0,1,1,0,1,1,0,1,1,0,1,0,0,0,0,0,0,0,0,0,0,0,0,0,2,2,2,2,0,0,0,1,0,0,1,0,0,0,0,0,0,1,1,0,0,3,1,1,1,1,1,0,0,0,10.0,4,2,2,0,2,1,0,0,1
jiscopenbib-bl_bnb-1,https://lod-cloud.net/dataset/jiscopenbib-bl_bnb-1,0,0,1,0,1,1,0,1,1,0,1,1,0,1,0,0,0,0,0,0,0,0,0,0,0,0,0,2,2,2,2,0,0,0,1,0,0,1,0,0,0,0,0,0,1,1,0,0,3,1,1,1,1,1,0,0,0,10.0,4,2,2,0,2,1,0,0,1
jita,https://lod-cloud.net/dataset/jita,0,0,1,0,1,1,0,1,1,0,1,1,0,1,0,0,0,0,0,0,0,0,0,0,0,0,0,2,2,2,2,0,0,0,1,0,0,1,0,0,0,0,0,0,1,1,0,0,3,1,1,1,1,1,0,0,0,10.0,4,2,2,0,2,1,0,0,1
john-goodwins-family-tree,https://lod-cloud.net/dataset/john-goodwins-family-tree,0,0,1,0,1,1,0,1,1,0,1,1,0,1,0,0,0,0,0,0,0,0,0,0,0,0,0,2,2,2,2,0,0,0,1,0,0,1,0,0,0,0,0,0,1,1,0,0,3,1,1,1,1,1,0,0,0,10.0,4,2,2,0,2,1,0,0,1
judaicalink,https://lod-cloud.net/dataset/judaicalink,0,0,1,0,1,1,0,1,1,0,1,1,0,1,0,0,0,0,0,0,0,0,0,0,0,0,0,2,2,2,2,0,0,0,1,0,0,1,0,0,0,0,0,0,1,1,0,0,3,1,1,1,1,1,0,0,0,10.0,4,2,2,0,2,1,0,0,1
Kronika_naukowa_Biblioteki_Jagiellońskiej,https://lod-cloud.net/dataset/Kronika_naukowa_Biblioteki_Jagiellońskiej,0,0,0,0,0,1,0,1,1,0,1,1,0,1,0,0,0,0,0,0,0,0,0,0,0,0,0,0,0,0,0,0,0,0,0,0,0,0,0,0,0,0,0,0,0,0,0,0,2,0,1,1,1,1,0,0,0,3.0,0,0,0,0,0,0,0,0,0
lcsh,https://lod-cloud.net/dataset/lcsh,0,0,1,0,1,1,0,1,1,0,1,1,0,1,0,0,0,0,0,0,0,0,0,0,0,0,0,2,2,2,2,0,0,0,1,0,0,1,0,0,0,0,0,0,1,1,0,0,3,1,1,1,1,1,0,0,0,10.0,4,2,2,0,2,1,0,0,1
lcsubjects,https://lod-cloud.net/dataset/lcsubjects,0,0,1,0,1,1,0,1,1,0,1,1,0,1,0,0,0,0,0,0,0,0,0,0,0,0,0,2,2,2,2,0,0,0,1,0,0,1,0,0,0,0,0,0,1,1,0,0,3,1,1,1,1,1,0,0,0,10.0,4,2,2,0,2,1,0,0,1
ldt@library,https://lod-cloud.net/dataset/ldt@library,0,0,1,0,1,1,0,1,1,0,1,1,0,1,0,0,0,0,0,0,0,0,0,0,0,0,0,2,2,2,2,0,0,0,1,0,0,1,0,0,0,0,0,0,1,1,0,0,3,1,1,1,1,1,0,0,0,10.0,4,2,2,0,2,1,0,0,1
libris,https://lod-cloud.net/dataset/libris,0,0,1,0,1,1,0,1,1,0,1,1,0,1,0,0,0,0,0,0,0,0,0,0,0,0,0,2,2,2,2,0,0,0,1,0,0,1,0,0,0,0,0,0,1,1,0,0,3,1,1,1,1,1,0,0,0,10.0,4,2,2,0,2,1,0,0,1
libver,https://lod-cloud.net/dataset/libver,0,0,1,0,1,1,0,1,1,0,1,1,0,1,0,0,0,0,0,0,0,0,0,0,0,0,0,2,2,2,2,0,0,0,1,0,0,1,0,0,0,0,0,0,1,1,0,0,3,1,1,1,1,1,0,0,0,10.0,4,2,2,0,2,1,0,0,1
linkedlccn,https://lod-cloud.net/dataset/linkedlccn,0,0,1,0,1,1,0,1,1,0,1,1,0,1,0,0,0,0,0,0,0,0,0,0,0,0,0,2,2,2,2,0,0,0,1,0,0,1,0,0,0,0,0,0,1,1,0,0,3,1,1,1,1,1,0,0,0,10.0,4,2,2,0,2,1,0,0,1
linkedmdb,https://lod-cloud.net/dataset/linkedmdb,0,0,1,0,1,1,0,1,1,0,1,1,0,1,0,0,0,0,0,0,0,0,0,0,0,0,0,2,2,2,2,0,0,0,1,0,0,1,0,0,0,0,0,0,1,1,0,0,3,1,1,1,1,1,0,0,0,10.0,4,2,2,0,2,1,0,0,1
lista-encabezamientos-materia,https://lod-cloud.net/dataset/lista-encabezamientos-materia,0,0,1,0,1,1,0,1,1,0,1,1,0,1,0,0,0,0,0,0,0,0,0,0,0,0,0,2,2,2,2,0,0,0,1,0,0,1,0,0,0,0,0,0,1,1,0,0,3,1,1,1,1,1,0,0,0,10.0,4,2,2,0,2,1,0,0,1
LucaniPharsalia,https://lod-cloud.net/dataset/LucaniPharsalia,0,0,1,0,1,1,0,1,1,0,1,1,0,1,0,0,0,0,0,0,0,0,0,0,0,0,0,2,2,2,2,0,0,0,1,0,0,1,0,0,0,0,0,0,1,1,0,0,3,1,1,1,1,1,0,0,0,10.0,4,2,2,0,2,1,0,0,1
massobservationarchivecatalogue,https://lod-cloud.net/dataset/massobservationarchivecatalogue,0,0,1,0,1,1,0,1,1,0,1,1,0,1,0,0,0,0,0,0,0,0,0,0,0,0,0,2,2,2,2,0,0,0,1,0,0,1,0,0,0,0,0,0,1,1,0,0,3,1,1,1,1,1,0,0,0,10.0,4,2,2,0,2,1,0,0,1
mismuseos-gnoss,https://lod-cloud.net/dataset/mismuseos-gnoss,0,0,1,0,1,1,0,1,1,0,1,1,0,1,0,0,0,0,0,0,0,0,0,0,0,0,0,2,2,2,2,0,0,0,1,0,0,1,0,0,0,0,0,0,1,1,0,0,3,1,1,1,1,1,0,0,0,10.0,4,2,2,0,2,1,0,0,1
muninn-world-war-i,https://lod-cloud.net/dataset/muninn-world-war-i,0,0,1,0,1,1,0,1,1,0,1,1,0,1,0,0,0,0,0,0,0,0,0,0,0,0,0,2,2,2,2,0,0,0,1,0,0,1,0,0,0,0,0,0,1,1,0,0,3,1,1,1,1,1,0,0,0,10.0,4,2,2,0,2,1,0,0,1
museosespania-gnoss,https://lod-cloud.net/dataset/museosespania-gnoss,0,0,1,0,1,1,0,1,1,0,1,1,0,1,0,0,0,0,0,0,0,0,0,0,0,0,0,2,2,2,2,0,0,0,1,0,0,1,0,0,0,0,0,0,1,1,0,0,3,1,1,1,1,1,0,0,0,10.0,4,2,2,0,2,1,0,0,1
museums-in-italy,https://lod-cloud.net/dataset/museums-in-italy,0,0,1,0,1,1,0,1,1,0,1,1,0,1,0,0,0,0,0,0,0,0,0,0,0,0,0,2,2,2,2,0,0,0,1,0,0,1,0,0,0,0,0,0,1,1,0,0,3,1,1,1,1,1,0,0,0,10.0,4,2,2,0,2,1,0,0,1
muziekweb,https://lod-cloud.net/dataset/muziekweb,0,0,1,0,1,1,0,1,1,0,1,1,0,1,0,0,0,0,0,0,0,0,0,0,0,0,0,2,2,2,2,0,0,0,1,0,0,1,0,0,0,0,0,0,1,1,0,0,3,1,1,1,1,1,0,0,0,10.0,4,2,2,0,2,1,0,0,1
national-library-of-greece-authority-records,https://lod-cloud.net/dataset/national-library-of-greece-authority-records,0,0,1,0,1,1,0,1,1,0,1,1,0,1,0,0,0,0,0,0,0,0,0,0,0,0,0,2,2,2,2,0,0,0,1,0,0,1,0,0,0,0,0,0,1,1,0,0,3,1,1,1,1,1,0,0,0,10.0,4,2,2,0,2,1,0,0,1
nlr-dataset-mod,https://lod-cloud.net/dataset/nlr-dataset-mod,0,0,1,0,1,1,0,1,1,0,1,1,0,1,0,0,0,0,0,0,0,0,0,0,0,0,0,2,2,2,2,0,0,0,1,0,0,1,0,0,0,0,0,0,1,1,0,0,3,1,1,1,1,1,0,0,0,10.0,4,2,2,0,2,1,0,0,1
nom,https://lod-cloud.net/dataset/nom,0,0,1,0,1,1,0,1,1,0,1,1,0,1,0,0,0,0,0,0,0,0,0,0,0,0,0,2,2,2,2,0,0,0,1,0,0,1,0,0,0,0,0,0,1,1,0,0,3,1,1,1,1,1,0,0,0,10.0,4,2,2,0,2,1,0,0,1
nomisma_org,https://lod-cloud.net/dataset/nomisma_org,0,0,1,0,1,1,0,1,1,0,1,1,0,1,0,0,0,0,0,0,0,0,0,0,0,0,0,2,2,2,2,0,0,0,1,0,0,1,0,0,0,0,0,0,1,1,0,0,3,1,1,1,1,1,0,0,0,10.0,4,2,2,0,2,1,0,0,1
ntnusc,https://lod-cloud.net/dataset/ntnusc,0,0,1,0,1,1,0,1,1,0,1,1,0,1,0,0,0,0,0,0,0,0,0,0,0,0,0,2,2,2,2,0,0,0,1,0,0,1,0,0,0,0,0,0,1,1,0,0,3,1,1,1,1,1,0,0,0,10.0,4,2,2,0,2,1,0,0,1
open-library,https://lod-cloud.net/dataset/open-library,0,0,1,0,1,1,0,1,1,0,1,1,0,1,0,0,0,0,0,0,0,0,0,0,0,0,0,2,2,2,2,0,0,0,1,0,0,1,0,0,0,0,0,0,1,1,0,0,3,1,1,1,1,1,0,0,0,10.0,4,2,2,0,2,1,0,0,1
orlando-womens-writing-linked-open-data-set,https://lod-cloud.net/dataset/orlando-womens-writing-linked-open-data-set,0,0,1,0,1,1,0,1,1,0,1,1,0,1,0,0,0,0,0,0,0,0,0,0,0,0,0,2,2,2,2,0,0,0,1,0,0,1,0,0,0,0,0,0,1,1,0,0,3,1,1,1,1,1,0,0,0,10.0,4,2,2,0,2,1,0,0,1
pali-english-lexicon,https://lod-cloud.net/dataset/pali-english-lexicon,0,0,1,0,1,1,0,1,1,0,1,1,0,1,0,0,0,0,0,0,0,0,0,0,0,0,0,2,2,2,2,0,0,0,1,0,0,1,0,0,0,0,0,0,1,1,0,0,3,1,1,1,1,1,0,0,0,10.0,4,2,2,0,2,1,0,0,1
periodo,https://lod-cloud.net/dataset/periodo,0,0,1,0,1,1,0,1,1,0,1,1,0,1,0,0,0,0,0,0,0,0,0,0,0,0,0,2,2,2,2,0,0,0,1,0,0,1,0,0,0,0,0,0,1,1,0,0,3,1,1,1,1,1,0,0,0,10.0,4,2,2,0,2,1,0,0,1
pleiades,https://lod-cloud.net/dataset/pleiades,0,0,1,0,1,1,0,1,1,0,1,1,0,1,0,0,0,0,0,0,0,0,0,0,0,0,0,2,2,2,2,0,0,0,1,0,0,1,0,0,0,0,0,0,1,1,0,0,3,1,1,1,1,1,0,0,0,10.0,4,2,2,0,2,1,0,0,1
polymath-virtual-library,https://lod-cloud.net/dataset/polymath-virtual-library,0,0,1,0,1,1,0,1,1,0,1,1,0,1,0,0,0,0,0,0,0,0,0,0,0,0,0,2,2,2,2,0,0,0,1,0,0,1,0,0,0,0,0,0,1,1,0,0,3,1,1,1,1,1,0,0,0,10.0,4,2,2,0,2,1,0,0,1
prelinger_archives,https://lod-cloud.net/dataset/prelinger_archives,0,0,1,0,1,1,0,1,1,0,1,1,0,1,0,0,0,0,0,0,0,0,0,0,0,0,0,2,2,2,2,0,0,0,1,0,0,1,0,0,0,0,0,0,1,1,0,0,3,1,1,1,1,1,0,0,0,10.0,4,2,2,0,2,1,0,0,1
princeton-library-findingaids,https://lod-cloud.net/dataset/princeton-library-findingaids,0,0,1,0,1,1,0,1,1,0,1,1,0,1,0,0,0,0,0,0,0,0,0,0,0,0,0,2,2,2,2,0,0,0,1,0,0,1,0,0,0,0,0,0,1,1,0,0,3,1,1,1,1,1,0,0,0,10.0,4,2,2,0,2,1,0,0,1
printed-book-auction-catalogues,https://lod-cloud.net/dataset/printed-book-auction-catalogues,0,0,1,0,1,1,0,1,1,0,1,1,0,1,0,0,0,0,0,0,0,0,0,0,0,0,0,2,2,2,2,0,0,0,1,0,0,1,0,0,0,0,0,0,1,1,0,0,3,1,1,1,1,1,0,0,0,10.0,4,2,2,0,2,1,0,0,1
Querolus,https://lod-cloud.net/dataset/Querolus,0,0,1,0,1,1,0,1,1,0,1,1,0,1,0,0,0,0,0,0,0,0,0,0,0,0,0,2,2,2,2,0,0,0,1,0,0,1,0,0,0,0,0,0,1,1,0,0,3,1,1,1,1,1,0,0,0,10.0,4,2,2,0,2,1,0,0,1
radatana,https://lod-cloud.net/dataset/radatana,0,0,1,0,1,1,0,1,1,0,1,1,0,1,0,0,0,0,0,0,0,0,0,0,0,0,0,2,2,2,2,0,0,0,1,0,0,1,0,0,0,0,0,0,1,1,0,0,3,1,1,1,1,1,0,0,0,10.0,4,2,2,0,2,1,0,0,1
rainis-and-aspazija-linked-digital-collection,https://lod-cloud.net/dataset/rainis-and-aspazija-linked-digital-collection,0,0,1,0,1,1,0,1,1,0,1,1,0,1,0,0,0,0,0,0,0,0,0,0,0,0,0,2,2,2,2,0,0,0,1,0,0,1,0,0,0,0,0,0,1,1,0,0,3,1,1,1,1,1,0,0,0,10.0,4,2,2,0,2,1,0,0,1
rdfize-lastfm,https://lod-cloud.net/dataset/rdfize-lastfm,0,0,1,0,1,1,0,1,1,0,1,1,0,1,0,0,0,0,0,0,0,0,0,0,0,0,0,2,2,2,2,0,0,0,1,0,0,1,0,0,0,0,0,0,1,1,0,0,3,1,1,1,1,1,0,0,0,10.0,4,2,2,0,2,1,0,0,1
rism,https://lod-cloud.net/dataset/rism,0,0,1,0,1,1,0,1,1,0,1,1,0,1,0,0,0,0,0,0,0,0,0,0,0,0,0,2,2,2,2,0,0,0,1,0,0,1,0,0,0,0,0,0,1,1,0,0,3,1,1,1,1,1,0,0,0,10.0,4,2,2,0,2,1,0,0,1
rism-authorities,https://lod-cloud.net/dataset/rism-authorities,0,0,1,0,1,1,0,1,1,0,1,1,0,1,0,0,0,0,0,0,0,0,0,0,0,0,0,2,2,2,2,0,0,0,1,0,0,1,0,0,0,0,0,0,1,1,0,0,3,1,1,1,1,1,0,0,0,10.0,4,2,2,0,2,1,0,0,1
roceeh-road,https://lod-cloud.net/dataset/roceeh-road,0,0,1,0,1,1,0,1,1,0,1,1,0,1,0,0,0,0,0,0,0,0,0,0,0,0,0,2,2,2,2,0,0,0,1,0,0,1,0,0,0,0,0,0,1,1,0,0,3,1,1,1,1,1,0,0,0,10.0,4,2,2,0,2,1,0,0,1
sandrart-net,https://lod-cloud.net/dataset/sandrart-net,0,0,1,0,1,1,0,1,1,0,1,1,0,1,0,0,0,0,0,0,0,0,0,0,0,0,0,2,2,2,2,0,0,0,1,0,0,1,0,0,0,0,0,0,1,1,0,0,3,1,1,1,1,1,0,0,0,10.0,4,2,2,0,2,1,0,0,1
Sherry_Wine,https://lod-cloud.net/dataset/Sherry_Wine,0,0,1,0,1,1,0,1,1,0,1,1,0,1,0,0,0,0,0,0,0,0,0,0,0,0,0,2,2,2,2,0,0,0,1,0,0,1,0,0,0,0,0,0,1,1,0,0,3,1,1,1,1,1,0,0,0,10.0,4,2,2,0,2,1,0,0,1
Sherry_Wine_,https://lod-cloud.net/dataset/Sherry_Wine_,0,0,1,0,1,1,0,1,1,0,1,1,0,1,0,0,0,0,0,0,0,0,0,0,0,0,0,2,2,2,2,0,0,0,1,0,0,1,0,0,0,0,0,0,1,1,0,0,3,1,1,1,1,1,0,0,0,10.0,4,2,2,0,2,1,0,0,1
slod,https://lod-cloud.net/dataset/slod,0,0,1,0,1,1,0,1,1,0,1,1,0,1,0,0,0,0,0,0,0,0,0,0,0,0,0,2,2,2,2,0,0,0,1,0,0,1,0,0,0,0,0,0,1,1,0,0,3,1,1,1,1,1,0,0,0,10.0,4,2,2,0,2,1,0,0,1
srcmf,https://lod-cloud.net/dataset/srcmf,0,0,1,0,1,1,0,1,1,0,1,1,0,1,0,0,0,0,0,0,0,0,0,0,0,0,0,2,2,2,2,0,0,0,1,0,0,1,0,0,0,0,0,0,1,1,0,0,3,1,1,1,1,1,0,0,0,10.0,4,2,2,0,2,1,0,0,1
stitch-rameau,https://lod-cloud.net/dataset/stitch-rameau,0,0,1,0,1,1,0,1,1,0,1,1,0,1,0,0,0,0,0,0,0,0,0,0,0,0,0,2,2,2,2,0,0,0,1,0,0,1,0,0,0,0,0,0,1,1,0,0,3,1,1,1,1,1,0,0,0,10.0,4,2,2,0,2,1,0,0,1
surge-radio,https://lod-cloud.net/dataset/surge-radio,0,0,1,0,1,1,0,1,1,0,1,1,0,1,0,0,0,0,0,0,0,0,0,0,0,0,0,2,2,2,2,0,0,0,1,0,0,1,0,0,0,0,0,0,1,1,0,0,3,1,1,1,1,1,0,0,0,10.0,4,2,2,0,2,1,0,0,1
swedish-open-cultural-heritage,https://lod-cloud.net/dataset/swedish-open-cultural-heritage,0,0,1,0,1,1,0,1,1,0,1,1,0,1,0,0,0,0,0,0,0,0,0,0,0,0,0,2,2,2,2,0,0,0,1,0,0,1,0,0,0,0,0,0,1,1,0,0,3,1,1,1,1,1,0,0,0,10.0,4,2,2,0,2,1,0,0,1
sztaki-lod,https://lod-cloud.net/dataset/sztaki-lod,0,0,1,0,1,1,0,1,1,0,1,1,0,1,0,0,0,0,0,0,0,0,0,0,0,0,0,2,2,2,2,0,0,0,1,0,0,1,0,0,0,0,0,0,1,1,0,0,3,1,1,1,1,1,0,0,0,10.0,4,2,2,0,2,1,0,0,1
talis-openlibrary,https://lod-cloud.net/dataset/talis-openlibrary,0,0,1,0,1,1,0,1,1,0,1,1,0,1,0,0,0,0,0,0,0,0,0,0,0,0,0,2,2,2,2,0,0,0,1,0,0,1,0,0,0,0,0,0,1,1,0,0,3,1,1,1,1,1,0,0,0,10.0,4,2,2,0,2,1,0,0,1
the-european-library-open-dataset,https://lod-cloud.net/dataset/the-european-library-open-dataset,0,0,1,0,1,1,0,1,1,0,1,1,0,1,0,0,0,0,0,0,0,0,0,0,0,0,0,2,2,2,2,0,0,0,1,0,0,1,0,0,0,0,0,0,1,1,0,0,3,1,1,1,1,1,0,0,0,10.0,4,2,2,0,2,1,0,0,1
the-view-from,https://lod-cloud.net/dataset/the-view-from,0,0,1,0,1,1,0,1,1,0,1,1,0,1,0,0,0,0,0,0,0,0,0,0,0,0,0,2,2,2,2,0,0,0,1,0,0,1,0,0,0,0,0,0,1,1,0,0,3,1,1,1,1,1,0,0,0,10.0,4,2,2,0,2,1,0,0,1
thesaurus-w,https://lod-cloud.net/dataset/thesaurus-w,0,0,1,0,1,1,0,1,1,0,1,1,0,1,0,0,0,0,0,0,0,0,0,0,0,0,0,2,2,2,2,0,0,0,1,0,0,1,0,0,0,0,0,0,1,1,0,0,3,1,1,1,1,1,0,0,0,10.0,4,2,2,0,2,1,0,0,1
tip,https://lod-cloud.net/dataset/tip,0,0,1,0,1,1,0,1,1,0,1,1,0,1,0,0,0,0,0,0,0,0,0,0,0,0,0,2,2,2,2,0,0,0,1,0,0,1,0,0,0,0,0,0,1,1,0,0,3,1,1,1,1,1,0,0,0,10.0,4,2,2,0,2,1,0,0,1
ub-mannheim-linked-data,https://lod-cloud.net/dataset/ub-mannheim-linked-data,0,0,1,0,1,1,0,1,1,0,1,1,0,1,0,0,0,0,0,0,0,0,0,0,0,0,0,2,2,2,2,0,0,0,1,0,0,1,0,0,0,0,0,0,1,1,0,0,3,1,1,1,1,1,0,0,0,10.0,4,2,2,0,2,1,0,0,1
UDante,https://lod-cloud.net/dataset/UDante,0,0,1,0,1,1,0,1,1,0,1,1,0,1,0,0,0,0,0,0,0,0,0,0,0,0,0,2,2,2,2,0,0,0,1,0,0,1,0,0,0,0,0,0,1,1,0,0,3,1,1,1,1,1,0,0,0,10.0,4,2,2,0,2,1,0,0,1
viaf,https://lod-cloud.net/dataset/viaf,0,0,1,0,1,1,0,1,1,0,1,1,0,1,0,0,0,0,0,0,0,0,0,0,0,0,0,2,2,2,2,0,0,0,1,0,0,1,0,0,0,0,0,0,1,1,0,0,3,1,1,1,1,1,0,0,0,10.0,4,2,2,0,2,1,0,0,1
warsampo,https://lod-cloud.net/dataset/warsampo,0,0,1,0,1,1,0,1,1,0,1,1,0,1,0,0,0,0,0,0,0,0,0,0,0,0,0,2,2,2,2,0,0,0,1,0,0,1,0,0,0,0,0,0,1,1,0,0,3,1,1,1,1,1,0,0,0,10.0,4,2,2,0,2,1,0,0,1
wasabi,https://lod-cloud.net/dataset/wasabi,0,0,1,0,1,1,0,1,1,0,1,1,0,1,0,0,0,0,0,0,0,0,0,0,0,0,0,2,2,2,2,0,0,0,1,0,0,1,0,0,0,0,0,0,1,1,0,0,3,1,1,1,1,1,0,0,0,10.0,4,2,2,0,2,1,0,0,1
wl-kg,https://lod-cloud.net/dataset/wl-kg,0,0,1,0,1,1,0,1,1,0,1,1,0,1,0,0,0,0,0,0,0,0,0,0,0,0,0,2,2,2,2,0,0,0,1,0,0,1,0,0,0,0,0,0,1,1,0,0,3,1,1,1,1,1,0,0,0,10.0,4,2,2,0,2,1,0,0,1
ww1lod,https://lod-cloud.net/dataset/ww1lod,0,0,1,0,1,1,0,1,1,0,1,1,0,1,0,0,0,0,0,0,0,0,0,0,0,0,0,2,2,2,2,0,0,0,1,0,0,1,0,0,0,0,0,0,1,1,0,0,3,1,1,1,1,1,0,0,0,10.0,4,2,2,0,2,1,0,0,1
yso,https://lod-cloud.net/dataset/yso,0,0,1,0,1,1,0,1,1,0,1,1,0,1,0,0,0,0,0,0,0,0,0,0,0,0,0,2,2,2,2,0,0,0,1,0,0,1,0,0,0,0,0,0,1,1,0,0,3,1,1,1,1,1,0,0,0,10.0,4,2,2,0,2,1,0,0,1
zbw-pressemappe20,https://lod-cloud.net/dataset/zbw-pressemappe20,0,0,1,0,1,1,0,1,1,0,1,1,0,1,0,0,0,0,0,0,0,0,0,0,0,0,0,2,2,2,2,0,0,0,1,0,0,1,0,0,0,0,0,0,1,1,0,0,3,1,1,1,1,1,0,0,0,10.0,4,2,2,0,2,1,0,0,1
zitgist-musicbrainz,https://lod-cloud.net/dataset/zitgist-musicbrainz,0,0,1,0,1,1,0,1,1,0,1,1,0,1,0,0,0,0,0,0,0,0,0,0,0,0,0,2,2,2,2,0,0,0,1,0,0,1,0,0,0,0,0,0,1,1,0,0,3,1,1,1,1,1,0,0,0,10.0,4,2,2,0,2,1,0,0,1
performing-arts.ch,https://lod-cloud.net/dataset/performing-arts.ch,0,0,0,0,0,1,0,1,1,0,1,1,0,1,0,0,0,0,0,0,0,0,0,0,0,0,0,0,0,0,0,0,0,0,0,0,0,0,0,0,0,0,0,0,0,0,0,0,2,0,1,1,1,1,0,0,0,3.0,0,0,0,0,0,0,0,0,0
MiMoTextBase,https://lod-cloud.net/dataset/MiMoTextBase,0,0,0,0,0,1,0,1,1,0,1,1,0,1,0,0,0,0,0,0,0,0,0,0,0,0,0,0,0,0,0,0,0,0,0,0,0,0,0,0,0,0,0,0,0,0,0,0,2,0,1,1,1,1,0,0,0,3.0,0,0,0,0,0,0,0,0,0
NLS,https://lod-cloud.net/dataset/NLS,0,0,0,0,0,1,0,1,1,0,1,1,0,1,0,0,0,0,0,0,0,0,0,0,0,0,0,0,0,0,0,0,0,0,0,0,0,0,0,0,0,0,0,0,0,0,0,0,2,0,1,1,1,1,0,0,0,3.0,0,0,0,0,0,0,0,0,0
Japan-Search,https://lod-cloud.net/dataset/Japan-Search,0,0,0,0,0,1,0,1,1,0,1,1,0,1,0,0,0,0,0,0,0,0,0,0,0,0,0,0,0,0,0,0,0,0,0,0,0,0,0,0,0,0,0,0,0,0,0,0,2,0,1,1,1,1,0,0,0,3.0,0,0,0,0,0,0,0,0,0
Rijksmuseum,https://lod-cloud.net/dataset/Rijksmuseum,0,0,0,0,0,1,0,1,1,0,1,1,0,1,0,0,0,0,0,0,0,0,0,0,0,0,0,0,0,0,0,0,0,0,0,0,0,0,0,0,0,0,0,0,0,0,0,0,2,0,1,1,1,1,0,0,0,3.0,0,0,0,0,0,0,0,0,0
FI-Library,https://lod-cloud.net/dataset/FI-Library,0,0,0,0,0,1,0,1,1,0,1,1,0,1,0,0,0,0,0,0,0,0,0,0,0,0,0,0,0,0,0,0,0,0,0,0,0,0,0,0,0,0,0,0,0,0,0,0,2,0,1,1,1,1,0,0,0,3.0,0,0,0,0,0,0,0,0,0
Shanghai-Library-Open-Data-Platform,https://lod-cloud.net/dataset/Shanghai-Library-Open-Data-Platform,0,0,0,0,0,1,0,1,1,0,1,1,0,1,0,0,0,0,0,0,0,0,0,0,0,0,0,0,0,0,0,0,0,0,0,0,0,0,0,0,0,0,0,0,0,0,0,0,2,0,1,1,1,1,0,0,0,3.0,0,0,0,0,0,0,0,0,0
National-Library-Netherlands,https://lod-cloud.net/dataset/National-Library-Netherlands,0,0,0,0,0,1,0,1,1,0,1,1,0,1,0,0,0,0,0,0,0,0,0,0,0,0,0,0,0,0,0,0,0,0,0,0,0,0,0,0,0,0,0,0,0,0,0,0,2,0,1,1,1,1,0,0,0,3.0,0,0,0,0,0,0,0,0,0
Antique-Renaissance,https://lod-cloud.net/dataset/Antique-Renaissance,0,0,0,0,0,1,0,1,1,0,1,1,0,1,0,0,0,0,0,0,0,0,0,0,0,0,0,0,0,0,0,0,0,0,0,0,0,0,0,0,0,0,0,0,0,0,0,0,2,0,1,1,1,1,0,0,0,3.0,0,0,0,0,0,0,0,0,0
ARTSDATA-CA,https://lod-cloud.net/dataset/ARTSDATA-CA,0,0,0,0,0,1,0,1,1,0,1,1,0,1,0,0,0,0,0,0,0,0,0,0,0,0,0,0,0,0,0,0,0,0,0,0,0,0,0,0,0,0,0,0,0,0,0,0,2,0,1,1,1,1,0,0,0,3.0,0,0,0,0,0,0,0,0,0
ArCo,https://lod-cloud.net/dataset/ArCo,0,0,0,0,0,1,0,1,1,0,1,1,0,1,0,0,0,0,0,0,0,0,0,0,0,0,0,0,0,0,0,0,0,0,0,0,0,0,0,0,0,0,0,0,0,0,0,0,2,0,1,1,1,1,0,0,0,3.0,0,0,0,0,0,0,0,0,0
ConfermentSampo,https://lod-cloud.net/dataset/ConfermentSampo,0,0,0,0,0,1,0,1,1,0,1,1,0,1,0,0,0,0,0,0,0,0,0,0,0,0,0,0,0,0,0,0,0,0,0,0,0,0,0,0,0,0,0,0,0,0,0,0,2,0,1,1,1,1,0,0,0,3.0,0,0,0,0,0,0,0,0,0
FI-Museum,https://lod-cloud.net/dataset/FI-Museum,0,0,0,0,0,1,0,1,1,0,1,1,0,1,0,0,0,0,0,0,0,0,0,0,0,0,0,0,0,0,0,0,0,0,0,0,0,0,0,0,0,0,0,0,0,0,0,0,2,0,1,1,1,1,0,0,0,3.0,0,0,0,0,0,0,0,0,0
MMM,https://lod-cloud.net/dataset/MMM,0,0,0,0,0,1,0,1,1,0,1,1,0,1,0,0,0,0,0,0,0,0,0,0,0,0,0,0,0,0,0,0,0,0,0,0,0,0,0,0,0,0,0,0,0,0,0,0,2,0,1,1,1,1,0,0,0,3.0,0,0,0,0,0,0,0,0,0
Semantic-Kalevala,https://lod-cloud.net/dataset/Semantic-Kalevala,0,0,0,0,0,1,0,1,1,0,1,1,0,1,0,0,0,0,0,0,0,0,0,0,0,0,0,0,0,0,0,0,0,0,0,0,0,0,0,0,0,0,0,0,0,0,0,0,2,0,1,1,1,1,0,0,0,3.0,0,0,0,0,0,0,0,0,0
Smithsonian,https://lod-cloud.net/dataset/Smithsonian,0,0,0,0,0,1,0,1,1,0,1,1,0,1,0,0,0,0,0,0,0,0,0,0,0,0,0,0,0,0,0,0,0,0,0,0,0,0,0,0,0,0,0,0,0,0,0,0,2,0,1,1,1,1,0,0,0,3.0,0,0,0,0,0,0,0,0,0
Zeri-Photo-Archive,https://lod-cloud.net/dataset/Zeri-Photo-Archive,0,0,0,0,0,1,0,1,1,0,1,1,0,1,0,0,0,0,0,0,0,0,0,0,0,0,0,0,0,0,0,0,0,0,0,0,0,0,0,0,0,0,0,0,0,0,0,0,2,0,1,1,1,1,0,0,0,3.0,0,0,0,0,0,0,0,0,0
Archives-Hub,https://lod-cloud.net/dataset/Archives-Hub,0,0,0,0,0,1,0,1,1,0,1,1,0,1,0,0,0,0,0,0,0,0,0,0,0,0,0,0,0,0,0,0,0,0,0,0,0,0,0,0,0,0,0,0,0,0,0,0,2,0,1,1,1,1,0,0,0,3.0,0,0,0,0,0,0,0,0,0
Yale,https://lod-cloud.net/dataset/Yale,0,0,0,0,0,1,0,1,1,0,1,1,0,1,0,0,0,0,0,0,0,0,0,0,0,0,0,0,0,0,0,0,0,0,0,0,0,0,0,0,0,0,0,0,0,0,0,0,2,0,1,1,1,1,0,0,0,3.0,0,0,0,0,0,0,0,0,0
ADL,https://lod-cloud.net/dataset/ADL,0,0,0,0,0,1,0,1,1,0,1,1,0,1,0,0,0,0,0,0,0,0,0,0,0,0,0,0,0,0,0,0,0,0,0,0,0,0,0,0,0,0,0,0,0,0,0,0,2,0,1,1,1,1,0,0,0,3.0,0,0,0,0,0,0,0,0,0
MusicKG,https://lod-cloud.net/dataset/MusicKG,0,0,0,0,0,1,0,1,1,0,1,1,0,1,0,0,0,0,0,0,0,0,0,0,0,0,0,0,0,0,0,0,0,0,0,0,0,0,0,0,0,0,0,0,0,0,0,0,2,0,1,1,1,1,0,0,0,3.0,0,0,0,0,0,0,0,0,0
CIDOC-CRM,https://lod-cloud.net/dataset/CIDOC-CRM,0,0,0,0,0,1,0,1,1,0,1,1,0,1,0,0,0,0,0,0,0,0,0,0,0,0,0,0,0,0,0,0,0,0,0,0,0,0,0,0,0,0,0,0,0,0,0,0,2,0,1,1,1,1,0,0,0,3.0,0,0,0,0,0,0,0,0,0
Mondis,https://lod-cloud.net/dataset/Mondis,0,0,0,0,0,1,0,1,1,0,1,1,0,1,0,0,0,0,0,0,0,0,0,0,0,0,0,0,0,0,0,0,0,0,0,0,0,0,0,0,0,0,0,0,0,0,0,0,2,0,1,1,1,1,0,0,0,3.0,0,0,0,0,0,0,0,0,0
DigitalNZ,https://lod-cloud.net/dataset/DigitalNZ,0,0,0,0,0,1,0,1,1,0,1,1,0,1,0,0,0,0,0,0,0,0,0,0,0,0,0,0,0,0,0,0,0,0,0,0,0,0,0,0,0,0,0,0,0,0,0,0,2,0,1,1,1,1,0,0,0,3.0,0,0,0,0,0,0,0,0,0
Fondazione-Zeri,https://lod-cloud.net/dataset/Fondazione-Zeri,0,0,0,0,0,1,0,1,1,0,1,1,0,1,0,0,0,0,0,0,0,0,0,0,0,0,0,0,0,0,0,0,0,0,0,0,0,0,0,0,0,0,0,0,0,0,0,0,2,0,1,1,1,1,0,0,0,3.0,0,0,0,0,0,0,0,0,0
Library-of-America,https://lod-cloud.net/dataset/Library-of-America,0,0,0,0,0,1,0,1,1,0,1,1,0,1,0,0,0,0,0,0,0,0,0,0,0,0,0,0,0,0,0,0,0,0,0,0,0,0,0,0,0,0,0,0,0,0,0,0,2,0,1,1,1,1,0,0,0,3.0,0,0,0,0,0,0,0,0,0
Auckland-Museum,https://lod-cloud.net/dataset/Auckland-Museum,0,0,0,0,0,1,0,1,1,0,1,1,0,1,0,0,0,0,0,0,0,0,0,0,0,0,0,0,0,0,0,0,0,0,0,0,0,0,0,0,0,0,0,0,0,0,0,0,2,0,1,1,1,1,0,0,0,3.0,0,0,0,0,0,0,0,0,0
BNE,https://lod-cloud.net/dataset/BNE,0,0,0,0,0,1,0,1,1,0,1,1,0,1,0,0,0,0,0,0,0,0,0,0,0,0,0,0,0,0,0,0,0,0,0,0,0,0,0,0,0,0,0,0,0,0,0,0,2,0,1,1,1,1,0,0,0,3.0,0,0,0,0,0,0,0,0,0
Korea-Library,https://lod-cloud.net/dataset/Korea-Library,0,0,0,0,0,1,0,1,1,0,1,1,0,1,0,0,0,0,0,0,0,0,0,0,0,0,0,0,0,0,0,0,0,0,0,0,0,0,0,0,0,0,0,0,0,0,0,0,2,0,1,1,1,1,0,0,0,3.0,0,0,0,0,0,0,0,0,0
Russian-Museum,https://lod-cloud.net/dataset/Russian-Museum,0,0,0,0,0,1,0,1,1,0,1,1,0,1,0,0,0,0,0,0,0,0,0,0,0,0,0,0,0,0,0,0,0,0,0,0,0,0,0,0,0,0,0,0,0,0,0,0,2,0,1,1,1,1,0,0,0,3.0,0,0,0,0,0,0,0,0,0
National-Library-of-Scotland,https://lod-cloud.net/dataset/National-Library-of-Scotland,0,0,0,0,0,1,0,1,1,0,1,1,0,1,0,0,0,0,0,0,0,0,0,0,0,0,0,0,0,0,0,0,0,0,0,0,0,0,0,0,0,0,0,0,0,0,0,0,2,0,1,1,1,1,0,0,0,3.0,0,0,0,0,0,0,0,0,0
Epigraphic-Database-Heidelberg,https://lod-cloud.net/dataset/Epigraphic-Database-Heidelberg,0,0,0,0,0,1,0,1,1,0,1,1,0,1,0,0,0,0,0,0,0,0,0,0,0,0,0,0,0,0,0,0,0,0,0,0,0,0,0,0,0,0,0,0,0,0,0,0,2,0,1,1,1,1,0,0,0,3.0,0,0,0,0,0,0,0,0,0
OntoComedySources,https://lod-cloud.net/dataset/OntoComedySources,0,0,0,0,0,1,0,1,1,0,1,1,0,1,0,0,0,0,0,0,0,0,0,0,0,0,0,0,0,0,0,0,0,0,0,0,0,0,0,0,0,0,0,0,0,0,0,0,2,0,1,1,1,1,0,0,0,3.0,0,0,0,0,0,0,0,0,0
OntoCeramic-2.0,https://lod-cloud.net/dataset/OntoCeramic-2.0,0,0,0,0,0,1,0,1,1,0,1,1,0,1,0,0,0,0,0,0,0,0,0,0,0,0,0,0,0,0,0,0,0,0,0,0,0,0,0,0,0,0,0,0,0,0,0,0,2,0,1,1,1,1,0,0,0,3.0,0,0,0,0,0,0,0,0,0
SaintGall-Ontology,https://lod-cloud.net/dataset/SaintGall-Ontology,0,0,0,0,0,1,0,1,1,0,1,1,0,1,0,0,0,0,0,0,0,0,0,0,0,0,0,0,0,0,0,0,0,0,0,0,0,0,0,0,0,0,0,0,0,0,0,0,2,0,1,1,1,1,0,0,0,3.0,0,0,0,0,0,0,0,0,0
Linguistic-Phenomena-Ontology,https://lod-cloud.net/dataset/Linguistic-Phenomena-Ontology,0,0,0,0,0,1,0,1,1,0,1,1,0,1,0,0,0,0,0,0,0,0,0,0,0,0,0,0,0,0,0,0,0,0,0,0,0,0,0,0,0,0,0,0,0,0,0,0,2,0,1,1,1,1,0,0,0,3.0,0,0,0,0,0,0,0,0,0
ICON,https://lod-cloud.net/dataset/ICON,0,0,0,0,0,1,0,1,1,0,1,1,0,1,0,0,0,0,0,0,0,0,0,0,0,0,0,0,0,0,0,0,0,0,0,0,0,0,0,0,0,0,0,0,0,0,0,0,2,0,1,1,1,1,0,0,0,3.0,0,0,0,0,0,0,0,0,0
Polifonia,https://lod-cloud.net/dataset/Polifonia,0,0,0,0,0,1,0,1,1,0,1,1,0,1,0,0,0,0,0,0,0,0,0,0,0,0,0,0,0,0,0,0,0,0,0,0,0,0,0,0,0,0,0,0,0,0,0,0,2,0,1,1,1,1,0,0,0,3.0,0,0,0,0,0,0,0,0,0
Atlas-of-Paths,https://lod-cloud.net/dataset/Atlas-of-Paths,0,0,0,0,0,1,0,1,1,0,1,1,0,1,0,0,0,0,0,0,0,0,0,0,0,0,0,0,0,0,0,0,0,0,0,0,0,0,0,0,0,0,0,0,0,0,0,0,2,0,1,1,1,1,0,0,0,3.0,0,0,0,0,0,0,0,0,0
Music-Note-Ontology,https://lod-cloud.net/dataset/Music-Note-Ontology,0,0,0,0,0,1,0,1,1,0,1,1,0,1,0,0,0,0,0,0,0,0,0,0,0,0,0,0,0,0,0,0,0,0,0,0,0,0,0,0,0,0,0,0,0,0,0,0,2,0,1,1,1,1,0,0,0,3.0,0,0,0,0,0,0,0,0,0
HaMSE,https://lod-cloud.net/dataset/HaMSE,0,0,0,0,0,1,0,1,1,0,1,1,0,1,0,0,0,0,0,0,0,0,0,0,0,0,0,0,0,0,0,0,0,0,0,0,0,0,0,0,0,0,0,0,0,0,0,0,2,0,1,1,1,1,0,0,0,3.0,0,0,0,0,0,0,0,0,0
FOod,https://lod-cloud.net/dataset/FOod,0,0,0,0,0,1,0,1,1,0,1,1,0,1,0,0,0,0,0,0,0,0,0,0,0,0,0,0,0,0,0,0,0,0,0,0,0,0,0,0,0,0,0,0,0,0,0,0,2,0,1,1,1,1,0,0,0,3.0,0,0,0,0,0,0,0,0,0
ATLAS-Italian-Digital-CH,https://lod-cloud.net/dataset/ATLAS-Italian-Digital-CH,0,0,0,0,0,1,0,1,1,0,1,1,0,1,0,0,0,0,0,0,0,0,0,0,0,0,0,0,0,0,0,0,0,0,0,0,0,0,0,0,0,0,0,0,0,0,0,0,2,0,1,1,1,1,0,0,0,3.0,0,0,0,0,0,0,0,0,0
ARIADNE,https://lod-cloud.net/dataset/ARIADNE,0,0,0,0,0,1,0,1,1,0,1,1,0,1,0,0,0,0,0,0,0,0,0,0,0,0,0,0,0,0,0,0,0,0,0,0,0,0,0,0,0,0,0,0,0,0,0,0,2,0,1,1,1,1,0,0,0,3.0,0,0,0,0,0,0,0,0,0
BFOntology,https://lod-cloud.net/dataset/BFOntology,0,0,0,0,0,1,0,1,1,0,1,1,0,1,0,0,0,0,0,0,0,0,0,0,0,0,0,0,0,0,0,0,0,0,0,0,0,0,0,0,0,0,0,0,0,0,0,0,2,0,1,1,1,1,0,0,0,3.0,0,0,0,0,0,0,0,0,0
DOLCE,https://lod-cloud.net/dataset/DOLCE,0,0,0,0,0,1,0,1,1,0,1,1,0,1,0,0,0,0,0,0,0,0,0,0,0,0,0,0,0,0,0,0,0,0,0,0,0,0,0,0,0,0,0,0,0,0,0,0,2,0,1,1,1,1,0,0,0,3.0,0,0,0,0,0,0,0,0,0
Odeuropa,https://lod-cloud.net/dataset/Odeuropa,0,0,0,0,0,1,0,1,1,0,1,1,0,1,0,0,0,0,0,0,0,0,0,0,0,0,0,0,0,0,0,0,0,0,0,0,0,0,0,0,0,0,0,0,0,0,0,0,2,0,1,1,1,1,0,0,0,3.0,0,0,0,0,0,0,0,0,0
UFOntology,https://lod-cloud.net/dataset/UFOntology,0,0,0,0,0,1,0,1,1,0,1,1,0,1,0,0,0,0,0,0,0,0,0,0,0,0,0,0,0,0,0,0,0,0,0,0,0,0,0,0,0,0,0,0,0,0,0,0,2,0,1,1,1,1,0,0,0,3.0,0,0,0,0,0,0,0,0,0
